t_arrival_ns,seq_id,snap_id,t_obs_ns,anchor_mode,infer_latency_s
97196472933217,1,1,97196394248186,OBS_POSE,0.078685031
97196627007641,2,2,97196475916197,OBS_POSE,0.15109144400000002
97196707585440,3,3,97196629968830,OBS_POSE,0.07761661
97196723563000,4,4,97196710213525,OBS_POSE,0.013349475000000001
97196895121719,5,5,97196726317474,OBS_POSE,0.16880424500000002
97196988975942,6,6,97196898847688,OBS_POSE,0.090128254
97197023937948,7,7,97196992291217,OBS_POSE,0.031646731000000004
97197133083003,8,8,97197027762100,OBS_POSE,0.10532090300000001
97197214710152,9,9,97197134951883,OBS_POSE,0.079758269
97197290111593,10,10,97197216907796,OBS_POSE,0.073203797
97197346200211,11,11,97197292191554,OBS_POSE,0.054008657
97197454036166,12,12,97197349698946,OBS_POSE,0.10433722000000001
97197481314160,13,13,97197456997164,OBS_POSE,0.024316996
97197527126923,14,14,97197485011404,OBS_POSE,0.042115519000000004
97197559763807,15,15,97197529568381,OBS_POSE,0.030195426
97197673198565,16,16,97197562449701,OBS_POSE,0.110748864
97197733579138,17,17,97197676884422,OBS_POSE,0.056694716000000006
97197774640393,18,18,97197737046069,OBS_POSE,0.037594324000000005
97197801080865,19,19,97197778183685,OBS_POSE,0.022897180000000003
97197845281082,20,20,97197804202833,OBS_POSE,0.041078249000000004
97197898987881,21,21,97197847800893,OBS_POSE,0.051186988
97197939774971,22,22,97197902752573,OBS_POSE,0.037022398000000005
97198229194834,23,23,97197941990445,OBS_POSE,0.287204389
97198422853995,24,24,97198231622017,OBS_POSE,0.19123197800000002
97198431879307,25,25,97198424869570,OBS_POSE,0.007009737
97198442310368,26,26,97198434042036,OBS_POSE,0.008268332
97198483461028,27,27,97198444335519,OBS_POSE,0.039125509
97198515203286,28,28,97198485400086,OBS_POSE,0.029803200000000002
97198583125761,29,29,97198517213394,OBS_POSE,0.065912367
97198650850015,30,30,97198585820753,OBS_POSE,0.065029262
97199588957505,31,31,97198652450344,OBS_POSE,0.9365071610000001
97199609541979,32,32,97199591953270,OBS_POSE,0.017588709
97199647068160,33,33,97199612610309,OBS_POSE,0.034457851000000005
97200491094143,34,34,97199650207414,OBS_POSE,0.840886729
97200608211263,35,35,97200493083742,OBS_POSE,0.11512752100000001
97200730293988,36,36,97200610569523,OBS_POSE,0.119724465
97200761408707,37,37,97200732652970,OBS_POSE,0.028755737000000003
97200777369296,38,38,97200765132115,OBS_POSE,0.012237181000000001
97200841968795,39,39,97200779923447,OBS_POSE,0.06204534800000001
97200899999951,40,40,97200843927959,OBS_POSE,0.056071992
97200918347994,41,41,97200902114092,OBS_POSE,0.016233902
97200944233864,42,42,97200920494615,OBS_POSE,0.023739249
97200992367439,43,43,97200946473168,OBS_POSE,0.045894271
97201011848134,44,44,97200994576950,OBS_POSE,0.017271184000000002
97201058197093,45,45,97201013769862,OBS_POSE,0.044427231000000005
97201119318895,46,46,97201059978121,OBS_POSE,0.059340774000000006
97201178628803,47,47,97201123293800,OBS_POSE,0.055335003
97201209772368,48,48,97201180663398,OBS_POSE,0.02910897
97201322361662,49,49,97201213235049,OBS_POSE,0.10912661300000001
97201488488696,50,50,97201324966114,OBS_POSE,0.163522582
97201565829068,51,51,97201490613227,OBS_POSE,0.075215841
97201587550332,52,52,97201568132179,OBS_POSE,0.019418153
97201719632677,53,53,97201589555290,OBS_POSE,0.13007738700000002
97201749482041,54,54,97201722409758,OBS_POSE,0.027072283000000003
97201912923109,55,55,97201751670331,OBS_POSE,0.161252778
97201931228290,56,56,97201915026592,OBS_POSE,0.016201698
97202101927592,57,57,97201933385680,OBS_POSE,0.16854191200000002
97202152383572,58,58,97202103850573,OBS_POSE,0.048532999
97202168788294,59,59,97202154573712,OBS_POSE,0.014214582000000002
97202206420877,60,60,97202172068765,OBS_POSE,0.034352112000000004
97202264779780,61,61,97202209056390,OBS_POSE,0.055723390000000005
97202338985540,62,62,97202267127245,OBS_POSE,0.071858295
97202361982145,63,63,97202342378761,OBS_POSE,0.019603384
97202385589050,64,64,97202364985488,OBS_POSE,0.020603562000000002
97202451540613,65,65,97202388095558,OBS_POSE,0.063445055
